"Acceleration:0","Acceleration:1","Acceleration:2","Contact_Forces:0","Contact_Forces:1","Contact_Forces:2","Displacement:0","Displacement:1","Displacement:2","Mass_Change","NODE_ID","Velocity:0","Velocity:1","Velocity:2","Points:0","Points:1","Points:2"
0,0,0,0,0,0,0,0,0,0,16125265.3017,0,0,0,3.34694057679e-15,3.20142137525e-15,7.1054271781e-20
336188382999,393727549018,-2.12030748955e+13,815.945518682,711.491207435,-108846.357563,-0.770777561045,-2.01367727977,-333.185065178,0,16121114.7436,135024.217092,155252.431327,-90957175.9483,-3.16537152685e-05,-5.68089162698e-05,-0.0265037771314
71915340416.1,-6120695456.07,-6.69914176643e+12,-2220.43194161,-6335.77827999,-116472.773935,-3.78757225561,-8.08063971278,-2174.51931758,0,16123733.5381,-1449019.79598,-3172957.65527,-252070679.895,-0.000137812821777,-0.000292983662803,-0.173026263714
6098259530.43,33946525091.1,2.46623750365e+12,-3651.60347846,-5630.11255244,-108721.382318,-11.7165670977,-18.4591575318,-4751.96472004,0,16129572.7008,-170224.313331,839120.449199,-242143960.247,-0.000639436417259,-0.0010186447762,-0.378718525171
-545692382380,-735621537923,2.60082826529e+12,-6336.38058682,-8457.59743088,-126632.961608,-8.70148372818,-21.8915677831,-7019.44718126,0,16136370.8523,-195971.286265,-2487071.46601,-209101757.965,-0.000557066407055,-0.00130530796014,-0.559404909611
311773100808,372037376056,-689658276832,-10270.5183858,-11214.7053874,-156479.213342,-29.0792105131,-49.9719491704,-9011.27205962,0,16142549.6958,-2586991.81855,-469623.328567,-195754922.242,-0.00164034403861,-0.00315426872112,-0.71793615818
341038550840,-763116879502,-2.97957709802e+12,-11424.6727549,-14854.9159076,-170738.332239,-63.3921581504,-67.9013899263,-11049.3226627,0,16147701.2827,-2895439.19636,-5452293.15422,-215411777.984,-0.0040969341062,-0.004683194682,-0.88021415472
100944175013,208080228680,-15540770021.8,-10640.2167354,-13621.6247012,-179770.696591,-109.171854869,-145.331493814,-13307.3388463,0,16151224.9158,-5605809.52515,-8330709.13154,-232034193.737,-0.0076889898628,-0.0102819046006,-1.06029009819
712713362248,786568072493,276528165376,-4941.78335931,-12512.0125565,-190354.152244,-147.463536152,-208.169940919,-15627.956993,0,16154816.1274,-1500194.30179,-3429324.87851,-230629961.381,-0.0108459675685,-0.015119404532,-1.24529993534
-1.41563812275e+12,-254711615345,-510932586027,-9843.08009137,-12419.3231731,-210171.285087,-133.297787759,-209.487243998,-17931.8710072,0,16157770.1424,804265.928986,971943.723476,-231554265.78,-0.0101744579151,-0.0157029666007,-1.42885005474
1.08255294329e+12,-71452377533.8,368043603192,-10096.0873849,-15524.7575131,-220174.316645,-171.599301465,-236.677197113,-20264.1503708,0,16160871.4324,-3624159.61588,-5550347.21768,-233191135.123,-0.0126219950616,-0.0176956541836,-1.61464440823
-191728499713,342424008968,1.61917863414e+12,-12853.6250258,-12878.7432117,-226249.738301,-179.033161447,-260.739595471,-22556.9920599,0,16164048.8704,-361325.791285,1997044.02815,-222173978.982,-0.0133733442053,-0.0195388849825,-1.79717111588
-151101618771,-282843648445,2.83674749519e+12,-8749.90702522,-15303.4582811,-237139.932719,-186.83075173,-273.403276425,-24680.1570385,0,16167675.7467,-957667.667405,-5870156.04077,-198842900.097,-0.0142652289942,-0.0206892676651,-1.96599030495
135974194902,483638328406,3.38946374651e+12,-5939.26934469,-15821.7324289,-239769.682117,-202.687653248,-313.463297942,-26516.3846454,0,16171386.064,-1426355.47932,-712922.562438,-168150407.502,-0.015429017134,-0.02338758111,-2.11177229881
-763302744312,-372767150961,2.89213738422e+12,-11463.1684575,-11336.4182086,-246430.162288,-226.859113791,-317.238812325,-28033.8100865,0,16173011.5914,-6576019.2124,-3211939.65352,-135948355.977,-0.0172120407224,-0.0242888368666,-2.23226523399
-133549211827,-721546587015,7.06863708723e+12,-11381.3711181,-18308.8462892,-208133.477353,-260.358047865,-352.435555468,-29259.7700644,0,16176398.4248,27945.2327536,-4699199.22778,-103393345.042,-0.0191686600447,-0.0264823269099,-2.32934975624
1.12039443335e+12,2.88445582724e+12,8.23079484518e+12,15741.0822809,-4409.91421392,-144879.958321,-298.720177522,-430.649357994,-30266.0711196,0,16215428.494,-11033663.157,-8442614.56275,-10702465.9236,-0.0189601108432,-0.0277711525559,-2.40395450592
-2.53997479896e+12,-4.72707097302e+12,-4.15413754579e+12,4033.20754862,11665.1683485,-115245.536027,-339.495319711,-446.75003555,-30898.5791718,0,16286283.1938,-982391.506317,-7711189.30519,-4208656.22145,-0.017486827448,-0.0255424696952,-2.44517922401
-1.41841785175e+12,3.48882959712e+12,-2.0564183935e+12,2192.85229189,21966.760016,-86839.4350058,-374.054523266,-583.510201141,-31885.4917684,0,16345567.7733,-7819762.0535,-10413123.3654,-59317169.9907,-0.0144425677136,-0.0303449258208,-2.515157938
-4.05565566092e+12,-3.93859230018e+12,6.74388763808e+12,6449.4805254,6800.3382113,-71893.0872404,-427.502092298,-685.403717284,-32696.1058167,0,16384733.1929,-1298055.89594,-4837623.30983,-39617645.6538,-0.0191289931536,-0.0401247479022,-2.57555055618
-1.97900383043e+12,3.01748725039e+12,3.45914490939e+12,21896.5737664,30059.9729298,-58168.7276374,-475.354259744,-899.42339308,-33198.9755913,0,16429743.8534,-4690152.3889,-8623541.66011,12985601.1338,-0.0174004454166,-0.0610444508493,-2.60935354233
-286158540932,-3.7291180131e+12,3.42732089705e+12,34429.7900124,20531.7689588,-34009.8162446,-514.877079212,-1139.62451582,-32634.2782859,0,16392710.0142,-289732.588457,-20040142.9976,27185546.5974,-0.01775431633,-0.0948954969645,-2.57225704193
759974873479,-2.99211667341e+12,-1.29979133177e+12,38373.830475,34457.3166526,-13944.3619097,-597.91495919,-1373.85661896,-31996.2974622,0,16331226.5103,-1477887.84558,-4291845.20412,10948617.5429,-0.0247523970902,-0.12799821794,-2.53417110443
-3.21606540698e+12,34769779045.4,-1.22885638563e+12,23589.2512509,2156.80941683,-6071.18792848,-554.988952402,-1697.62853357,-31463.1692831,0,16284751.1498,-10853554.1088,142084.696019,-16112412.518,-0.020857905969,-0.170710474253,-2.49977707863
3.46604962702e+12,9.41901399019e+12,1.10089514306e+13,-3158.03485349,21727.719458,-7541.57755569,-666.734378533,-2063.49722192,-30313.7485793,0,16186079.2455,717652.483093,-18055545.9772,10549736.8486,-0.0305266492069,-0.224742799997,-2.42681598663
-3.0351601831e+12,-7.97462333839e+12,-1.30576809562e+12,-10746.0845393,-10672.745461,-4954.21835072,-635.527507823,-2345.72936786,-29454.7475289,0,16146261.1859,-1796222.6148,-21202995.3469,29443864.6322,-0.0290696844459,-0.273072034121,-2.36854672432
-1.55060743077e+12,3.93826169083e+12,-2.01065268345e+12,-9166.69234599,-8932.69852335,-6234.49673668,-657.334475307,-2817.08340564,-28168.1767917,0,16076385.8121,6974556.29164,8546842.31221,10484472.5761,-0.0315432921052,-0.336549937725,-2.28013515472
-5.76612393397e+12,5.1683079103e+12,-942903047255,-20031.1421207,-20426.9397878,-11351.0184227,-470.232496312,-3336.88617215,-26814.7839599,0,15976041.7926,4884017.62346,-22674893.2676,-8576935.17379,-0.0175632871687,-0.409494161606,-2.1867647171
2.91095817301e+12,5.24603645965e+12,-577201197244,-5534.58996664,-6132.87015186,-3211.80579241,-405.180190838,-3813.34739825,-25589.5032128,0,15895581.9363,9134591.73932,-10456787.8268,9270382.77111,-0.0119727840647,-0.481393903494,-2.10214066505
2.17264891343e+12,4.29823140246e+12,3.39795512052e+12,-9865.2813775,-11200.9137906,-4873.5310197,-195.840231476,-4346.59599267,-23641.6478544,0,15776856.9441,-5089061.12221,-23177520.7469,40838856.1749,0.00498027680442,-0.563045144081,-1.96239852905
1.32338802629e+12,330055322212,-4.46988988673e+12,-15437.0900143,-16764.0565138,-6161.86763023,-30.2707206533,-4902.24133746,-21968.7996718,0,15696543.8613,535614.286731,-2645180.01773,29617363.6355,0.0202207211405,-0.64215528965,-1.83640646935
-1.86034861162e+13,-3.05256716094e+12,87843563721.8,-28272.7766193,-28168.7879176,-8484.47515891,266.37691358,-5564.04519667,-20163.0653989,0,15586194.5973,8877410.46103,-31827503.2888,7334785.13818,0.0443533435464,-0.733459353447,-1.70290541649
7.55451773312e+12,-423996851372,-3.95421712303e+12,-2247.00585606,-11184.7090632,2865.65004948,498.205719561,-6186.36210579,-18332.1592618,0,15478016.6587,24120330.2921,-21008017.7049,18081989.7078,0.0654779672623,-0.829187095165,-1.5653501749
1.96803577041e+12,-5.32683948405e+12,-3.84509939027e+12,21182.2732696,4443.85742575,3455.3775321,799.626982922,-6846.31093192,-16167.2405107,0,15366730.0452,7963877.83985,-22942915.9036,43619695.6352,0.0905387997627,-0.924752354622,-1.39813733101
409681866892,-1.03845611348e+13,-5.99025743135e+12,0,0,0,1008.65682202,-7504.55696093,-14825.1226878,0,15335548.8288,8674998.19123,-20991668.3268,53588166.5128,0.110096625984,-1.00947535038,-1.29068470001
-5.34553846124e+12,3.82864541952e+12,-9.78870941041e+12,0,0,0,1553.47643255,-8311.64605998,-12522.0826918,0,15209467.29,13434419.8752,-37389311.925,20700984.186,0.159154459834,-1.12420809269,-1.10721123219
-7.22650374039e+12,7.80874423064e+12,591839619472,17016.0648889,7210.62598076,-2991.3056945,1842.03575209,-9310.93707729,-9823.88580297,0,15079514.4689,11088514.8646,-23160373.642,30872727.0322,0.183413907886,-1.2672123909,-0.888768494129
3.00056712602e+12,866721078159,7.20514757875e+12,0,0,0,2239.54935247,-10426.6775548,-6549.05395881,0,14922025.5982,14392367.1925,-21061207.675,70789035.6369,0.220221549273,-1.42523026466,-0.617230415344
5.74010867111e+12,6.60239214344e+12,-3.77224818348e+12,0,0,0,2688.54054504,-11462.1247454,-3024.40153115,0,14763871.0156,-3477313.37285,-17960471.8864,62856366.5765,0.259630322456,-1.58012235165,-0.31694316864
-291350660972,-3.15028136716e+12,-4.66920036109e+12,0,0,0,3238.53483083,-12455.1235549,-523.6448169,0,14653262.4887,-7040937.1243,-38606011.1656,41593313.4186,0.312118768692,-1.71902132034,-0.100729197264
5.70584751807e+12,-7.19073103801e+12,2.20432148491e+12,0,0,0,3898.33557722,-13495.3587264,2029.64511065,0,14530410.3695,40178724.1589,-23672404.2536,54541501.6511,0.382787853479,-1.86981737614,0.122586622834
-959304686550,-8.52317023001e+12,-1.322948509e+12,0,0,0,4531.36897029,-14915.0971026,6044.72562682,0,14368430.4177,-12310314.5117,-22824667.4798,54330794.6435,0.442463070154,-2.07848620415,0.483696579933
1.16003028239e+13,1.18713317185e+12,-2.83712359574e+12,0,0,0,5186.7089259,-16613.6917912,11508.8746598,0,14135808.8091,28739473.4918,-38062250.4286,131193150.561,0.505622327328,-2.34420633316,0.990573883057
1.14161041959e+13,4.14296340863e+12,-2.01212915398e+13,0,0,0,6031.14739537,-17929.475305,14926.3214396,0,14027732.5863,-2698252.89765,-59635731.8948,65610602.6162,0.589888513088,-2.54196357727,1.31355202198
1.11799477079e+13,1.10052441256e+13,-1.76198021639e+13,0,0,0,7078.27736378,-19296.0732556,18410.5894988,0,13864185.9165,58083231.5744,-32357270.6778,105998523.643,0.705978691578,-2.74814581871,1.64733552933
1.00696013079e+13,-4.57851337582e+12,2.95474472399e+13,0,0,0,7857.32846975,-20667.2094484,21851.8088494,0,13734324.5988,17206529.0831,-51351798.4188,116616551.956,0.791039288044,-2.95074129105,1.98377609253
9.81701463248e+12,-1.78268583811e+13,-3.1196058772e+12,0,0,0,8674.89278507,-22517.6137423,27618.098942,0,13524723.5161,47636657.6411,-34820403.3081,138014948.144,0.87243103981,-3.25376582146,2.57012367249
2.84217429771e+13,9.66087239078e+12,-1.08625230199e+13,0,0,0,9769.59310297,-24714.1739626,34154.2544978,0,13274480.9041,-7644014.14746,-54169596.0499,96470922.694,0.999692857265,-3.62245678902,3.25486540794
1.8297019958e+12,-1.23889098387e+13,-6.48550165518e+12,0,0,0,10983.8799636,-26773.6529063,39316.9327116,0,13101418.3455,29230297.4664,-49467002.2676,120575383.225,1.13933944702,-3.95549964905,3.81084084511
6.22196925138e+12,9.99713926456e+12,1.2038810895e+13,0,0,0,12516.5096848,-28200.2367631,43966.5744859,0,12902047.0921,45678424.2265,-44532034.6754,141686709.377,1.31802558899,-4.20758867264,4.31506729126
1.34451652085e+13,-2.0116327178e+13,-1.14893370162e+13,0,0,0,13906.4620965,-30207.0284809,49950.2143776,0,12679395.6981,52845992.2352,-71653266.4265,146806639.923,1.48368823528,-4.56111383438,4.99245834351
